city_key,zones,sources,assignments
akarawita,B|C,Copy of courier (1).xlsx|Domestic Zone List.pdf,B:Copy of courier (1).xlsx|C:Domestic Zone List.pdf
ampara,C|D,Copy of courier (1).xlsx|Domestic Zone List.pdf,C:Domestic Zone List.pdf|D:Copy of courier (1).xlsx
angoda,B|C,Copy of courier (1).xlsx|Domestic Zone List.pdf,B:Copy of courier (1).xlsx|C:Domestic Zone List.pdf
araipattai,C|D,Copy of courier (1).xlsx|Domestic Zone List.pdf,C:Domestic Zone List.pdf|D:Copy of courier (1).xlsx
arangala,B|C,Copy of courier (1).xlsx|Domestic Zone List.pdf,B:Copy of courier (1).xlsx|C:Domestic Zone List.pdf
avissawella,B|C,Copy of courier (1).xlsx|Domestic Zone List.pdf,B:Copy of courier (1).xlsx|C:Domestic Zone List.pdf
batawala,B|C,Copy of courier (1).xlsx|Domestic Zone List.pdf,B:Copy of courier (1).xlsx|C:Domestic Zone List.pdf
batticaloa,C|D,Copy of courier (1).xlsx|Domestic Zone List.pdf,C:Domestic Zone List.pdf|D:Copy of courier (1).xlsx
batugampola,B|C,Copy of courier (1).xlsx|Domestic Zone List.pdf,B:Copy of courier (1).xlsx|C:Domestic Zone List.pdf
batuwatta,B|C,Copy of courier (1).xlsx|Domestic Zone List.pdf,B:Domestic Zone List.pdf|C:Copy of courier (1).xlsx
biyagama,B|C,Copy of courier (1).xlsx|Domestic Zone List.pdf,B:Domestic Zone List.pdf|C:Copy of courier (1).xlsx
bope,B|C,Copy of courier (1).xlsx|Domestic Zone List.pdf,B:Copy of courier (1).xlsx|C:Domestic Zone List.pdf
chenkaladi,C|D,Copy of courier (1).xlsx|Domestic Zone List.pdf,C:Domestic Zone List.pdf|D:Copy of courier (1).xlsx
chinabay,C|D,Copy of courier (1).xlsx|Domestic Zone List.pdf,C:Domestic Zone List.pdf|D:Copy of courier (1).xlsx
chundikuli,C|D,Copy of courier (1).xlsx|Domestic Zone List.pdf,C:Domestic Zone List.pdf|D:Copy of courier (1).xlsx
chunnakam,C|D,Copy of courier (1).xlsx|Domestic Zone List.pdf,C:Domestic Zone List.pdf|D:Copy of courier (1).xlsx
dedigamuwa,B|C,Copy of courier (1).xlsx|Domestic Zone List.pdf,B:Copy of courier (1).xlsx|C:Domestic Zone List.pdf
deltara,B|C,Copy of courier (1).xlsx|Domestic Zone List.pdf,B:Copy of courier (1).xlsx|C:Domestic Zone List.pdf
demanhandiya,B|C,Copy of courier (1).xlsx|Domestic Zone List.pdf,B:Domestic Zone List.pdf|C:Copy of courier (1).xlsx
divulapitiya,B|C,Copy of courier (1).xlsx|Domestic Zone List.pdf,B:Domestic Zone List.pdf|C:Copy of courier (1).xlsx
dunagaha,B|C,Copy of courier (1).xlsx|Domestic Zone List.pdf,B:Domestic Zone List.pdf|C:Copy of courier (1).xlsx
gonawalawp,B|C,Copy of courier (1).xlsx|Domestic Zone List.pdf,B:Domestic Zone List.pdf|C:Copy of courier (1).xlsx
handapangoda,B|C,Copy of courier (1).xlsx|Domestic Zone List.pdf,B:Copy of courier (1).xlsx|C:Domestic Zone List.pdf
hanwella,B|C,Copy of courier (1).xlsx|Domestic Zone List.pdf,B:Copy of courier (1).xlsx|C:Domestic Zone List.pdf
heiyanthuduwa,B|C,Copy of courier (1).xlsx|Domestic Zone List.pdf,B:Domestic Zone List.pdf|C:Copy of courier (1).xlsx
hendala,B|C,Copy of courier (1).xlsx|Domestic Zone List.pdf,B:Domestic Zone List.pdf|C:Copy of courier (1).xlsx
hiripitya,B|C,Copy of courier (1).xlsx|Domestic Zone List.pdf,B:Copy of courier (1).xlsx|C:Domestic Zone List.pdf
horagala,B|C,Copy of courier (1).xlsx|Domestic Zone List.pdf,B:Copy of courier (1).xlsx|C:Domestic Zone List.pdf
hunumulla,B|C,Copy of courier (1).xlsx|Domestic Zone List.pdf,B:Domestic Zone List.pdf|C:Copy of courier (1).xlsx
jaela,B|C,Copy of courier (1).xlsx|Domestic Zone List.pdf,B:Domestic Zone List.pdf|C:Copy of courier (1).xlsx
jaffna,C|D,Copy of courier (1).xlsx|Domestic Zone List.pdf,C:Domestic Zone List.pdf|D:Copy of courier (1).xlsx
kadawatha,B|C,Copy of courier (1).xlsx|Domestic Zone List.pdf,B:Domestic Zone List.pdf|C:Copy of courier (1).xlsx
kahawala,B|C,Copy of courier (1).xlsx|Domestic Zone List.pdf,B:Copy of courier (1).xlsx|C:Domestic Zone List.pdf
kandana,B|C,Copy of courier (1).xlsx|Domestic Zone List.pdf,B:Domestic Zone List.pdf|C:Copy of courier (1).xlsx
kapuwatta,B|C,Copy of courier (1).xlsx|Domestic Zone List.pdf,B:Domestic Zone List.pdf|C:Copy of courier (1).xlsx
katana,B|C,Copy of courier (1).xlsx|Domestic Zone List.pdf,B:Domestic Zone List.pdf|C:Copy of courier (1).xlsx
katunayake,B|C,Copy of courier (1).xlsx|Domestic Zone List.pdf,B:Domestic Zone List.pdf|C:Copy of courier (1).xlsx
katuwellegama,B|C,Copy of courier (1).xlsx|Domestic Zone List.pdf,B:Domestic Zone List.pdf|C:Copy of courier (1).xlsx
kelaniya,B|C,Copy of courier (1).xlsx|Domestic Zone List.pdf,B:Domestic Zone List.pdf|C:Copy of courier (1).xlsx
kimbulapitiya,B|C,Copy of courier (1).xlsx|Domestic Zone List.pdf,B:Domestic Zone List.pdf|C:Copy of courier (1).xlsx
kiribathgoda,B|C,Copy of courier (1).xlsx|Domestic Zone List.pdf,B:Domestic Zone List.pdf|C:Copy of courier (1).xlsx
kiriwattuduwa,B|C,Copy of courier (1).xlsx|Domestic Zone List.pdf,B:Copy of courier (1).xlsx|C:Domestic Zone List.pdf
kochchikade,B|C,Copy of courier (1).xlsx|Domestic Zone List.pdf,B:Domestic Zone List.pdf|C:Copy of courier (1).xlsx
kolonnawa,B|C,Copy of courier (1).xlsx|Domestic Zone List.pdf,B:Copy of courier (1).xlsx|C:Domestic Zone List.pdf
kosgama,B|C,Copy of courier (1).xlsx|Domestic Zone List.pdf,B:Copy of courier (1).xlsx|C:Domestic Zone List.pdf
kotikawatta,B|C,Copy of courier (1).xlsx|Domestic Zone List.pdf,B:Copy of courier (1).xlsx|C:Domestic Zone List.pdf
kotugoda,B|C,Copy of courier (1).xlsx|Domestic Zone List.pdf,B:Domestic Zone List.pdf|C:Copy of courier (1).xlsx
madapatha,B|C,Copy of courier (1).xlsx|Domestic Zone List.pdf,B:Copy of courier (1).xlsx|C:Domestic Zone List.pdf
mahabage,B|C,Copy of courier (1).xlsx|Domestic Zone List.pdf,B:Domestic Zone List.pdf|C:Copy of courier (1).xlsx
makola,B|C,Copy of courier (1).xlsx|Domestic Zone List.pdf,B:Domestic Zone List.pdf|C:Copy of courier (1).xlsx
malwana,B|C,Copy of courier (1).xlsx|Domestic Zone List.pdf,B:Domestic Zone List.pdf|C:Copy of courier (1).xlsx
mannar,C|D,Copy of courier (1).xlsx|Domestic Zone List.pdf,C:Domestic Zone List.pdf|D:Copy of courier (1).xlsx
marandagahamula,B|C,Copy of courier (1).xlsx|Domestic Zone List.pdf,B:Domestic Zone List.pdf|C:Copy of courier (1).xlsx
meegoda,B|C,Copy of courier (1).xlsx|Domestic Zone List.pdf,B:Copy of courier (1).xlsx|C:Domestic Zone List.pdf
mullegama,B|C,Copy of courier (1).xlsx|Domestic Zone List.pdf,B:Copy of courier (1).xlsx|C:Domestic Zone List.pdf
mulleriyawa,B|C,Copy of courier (1).xlsx|Domestic Zone List.pdf,B:Copy of courier (1).xlsx|C:Domestic Zone List.pdf
negombo,B|C,Copy of courier (1).xlsx|Domestic Zone List.pdf,B:Domestic Zone List.pdf|C:Copy of courier (1).xlsx
padukka,B|C,Copy of courier (1).xlsx|Domestic Zone List.pdf,B:Copy of courier (1).xlsx|C:Domestic Zone List.pdf
panadura,B|C,Copy of courier (1).xlsx|Domestic Zone List.pdf,B:Domestic Zone List.pdf|C:Copy of courier (1).xlsx
paranthan,C|D,Copy of courier (1).xlsx|Domestic Zone List.pdf,C:Domestic Zone List.pdf|D:Copy of courier (1).xlsx
peliyagoda,B|C,Copy of courier (1).xlsx|Domestic Zone List.pdf,B:Domestic Zone List.pdf|C:Copy of courier (1).xlsx
pethiyagoda,B|C,Copy of courier (1).xlsx|Domestic Zone List.pdf,B:Domestic Zone List.pdf|C:Copy of courier (1).xlsx
piliyandala,B|C,Copy of courier (1).xlsx|Domestic Zone List.pdf,B:Copy of courier (1).xlsx|C:Domestic Zone List.pdf
polgasowita,B|C,Copy of courier (1).xlsx|Domestic Zone List.pdf,B:Copy of courier (1).xlsx|C:Domestic Zone List.pdf
puwakpitiya,B|C,Copy of courier (1).xlsx|Domestic Zone List.pdf,B:Copy of courier (1).xlsx|C:Domestic Zone List.pdf
raddolugama,B|C,Copy of courier (1).xlsx|Domestic Zone List.pdf,B:Domestic Zone List.pdf|C:Copy of courier (1).xlsx
ragama,B|C,Copy of courier (1).xlsx|Domestic Zone List.pdf,B:Domestic Zone List.pdf|C:Copy of courier (1).xlsx
ranala,B|C,Copy of courier (1).xlsx|Domestic Zone List.pdf,B:Copy of courier (1).xlsx|C:Domestic Zone List.pdf
rukmale,B|C,Copy of courier (1).xlsx|Domestic Zone List.pdf,B:Domestic Zone List.pdf|C:Copy of courier (1).xlsx
seeduwa,B|C,Copy of courier (1).xlsx|Domestic Zone List.pdf,B:Domestic Zone List.pdf|C:Copy of courier (1).xlsx
siddamulla,B|C,Copy of courier (1).xlsx|Domestic Zone List.pdf,B:Copy of courier (1).xlsx|C:Domestic Zone List.pdf
siyambalape,B|C,Copy of courier (1).xlsx|Domestic Zone List.pdf,B:Domestic Zone List.pdf|C:Copy of courier (1).xlsx
talahena,B|C,Copy of courier (1).xlsx|Domestic Zone List.pdf,B:Domestic Zone List.pdf|C:Copy of courier (1).xlsx
thimbirigaskatuwa,B|C,Copy of courier (1).xlsx|Domestic Zone List.pdf,B:Domestic Zone List.pdf|C:Copy of courier (1).xlsx
trincomalee,C|D,Copy of courier (1).xlsx|Domestic Zone List.pdf,C:Domestic Zone List.pdf|D:Copy of courier (1).xlsx
vannarponnai,C|D,Copy of courier (1).xlsx|Domestic Zone List.pdf,C:Domestic Zone List.pdf|D:Copy of courier (1).xlsx
vavuniya,C|D,Copy of courier (1).xlsx|Domestic Zone List.pdf,C:Domestic Zone List.pdf|D:Copy of courier (1).xlsx
watareka,B|C,Copy of courier (1).xlsx|Domestic Zone List.pdf,B:Copy of courier (1).xlsx|C:Domestic Zone List.pdf
wattala,B|C,Copy of courier (1).xlsx|Domestic Zone List.pdf,B:Domestic Zone List.pdf|C:Copy of courier (1).xlsx
weboda,B|C,Copy of courier (1).xlsx|Domestic Zone List.pdf,B:Domestic Zone List.pdf|C:Copy of courier (1).xlsx
